{"Open Streets": [15.77759113225367, -20.656993408842936, -15.804495186112414, -3.359129614210758, -1.0926566991617694, -5.746201418628198, -1.218244789643206, -8.641625401260086, -3.7687564466771732, -0.042578073813628076, -2.502918058642232, -2.335370763916103, 8.965223818243885, -2.8424724058806663, 1.0531067484290209, -1.3235542291361828, 2.696437207127095, 2.4779039343814397, -0.511147552097403, -3.082593708273362, 44.184174503568784, -6.290230747482838, 3.5053679378663674, -20.089290607976608, -5.291657663835849, -1.6464220434698846, -3.870922384131063, -6.691546060076599, 5.639107872670763, 2.714840587188443, -34.83527872764171, 3.234038874844896, -5.547320933695119, 7.056067281677542, 9.913390363211079, 5.378702146419603, -3.7624852627575365, 5.319400225723484, -6.5650402051207495, -11.83343928898382, 6.20832602887657, 12.126005543331075, -5.312060818427881, -0.5023573824470466, -7.699760574089169, -5.33796842120114, -1.1382372711734985, 23.768122404836163, 7.00124297779189, -16.785889662719313, 11.604113587563518, 13.449037953572088, -2.8931861096498324, -3.8153407733485767, -6.29858007662915, 4.114513724760172, 10.090464460035378, 0.9424556612532342, 1.4610388109394232, 6.007318633862648, 19.14074207291833, -37.46420241580631, 2.832981244363509, 0.24687318532596692, 0.7893121419862913, -1.0126920591532098, 10.394468188115752, 22.433036846629193, -3.1164610142245883, 4.0319927496785795, -1.9378255625396024, 1.4739949418762233, 6.976326175691611, -7.255549516525611, 0.9865773185953609, 13.821752341213994, 9.561514105869378, 19.605621993837303, -4.592517418509431, -10.054044673209745, -2.938460571385425, -20.62719708214331, -0.848489291862677, 2.339210073598508, -0.9147548974870764, 0.6572803443814337, -3.7907769524316186, 52.2580086051405, -17.100837483346204, 3.3400018861231757, 34.31172902195419, 18.574405108902653, -0.974487998074801, 9.427136318214593, -1.2061959430832758, 9.355848676732695, 8.70919985579826, -8.960655096877872, 0.4641364122180326, 79.43662515970232], "Q Values": [-427.664029026294, -359.8649600738729, -384.79924764104317, -405.528800917935, -453.92693984090073, -327.7337361838895, -351.8989713098594, -300.66280993003977, -410.60535400534945, -359.8649600738729, -359.8649600738729, -355.6115644146605, -410.60535400534945, -427.664029026294, -327.7337361838895, -331.1876739329881, -354.21382788935273, -384.79924764104317, -434.1205947747304, -414.57600532208755, -414.57600532208755, -399.7845700650174, -417.8252990415878, -405.528800917935, -355.6115644146605, -384.79924764104317, -413.0994071403041, -409.3700234230233, -410.60535400534945, -355.6115644146605, -384.79924764104317, -414.57600532208755, -324.0700851048445, -331.1876739329881, -434.64269838488076, -434.1205947747304, -393.58737233144734, -327.95526757930276, -410.60535400534945, -389.24432457558567, -327.51489502834926, -405.528800917935, -300.66280993003977, -327.51489502834926, -434.64269838488076, -413.0994071403041, -410.60535400534945, -434.64269838488076, -410.60535400534945, -388.4958703125735, -327.95526757930276, -409.3700234230233, -384.79924764104317, -434.64269838488076, -399.7845700650174, -370.7951115257107, -331.1876739329881, -453.92693984090073, -443.9744095207534, -434.64269838488076, -443.9744095207534, -321.1231070691405, -405.528800917935, -388.4958703125735, -402.6399840409084, -352.138850425495, -352.138850425495, -399.7845700650174, -359.8649600738729, -388.4958703125735, -410.60535400534945, -410.60535400534945, -327.95526757930276, -443.9744095207534, -402.6399840409084, -359.8649600738729, -427.664029026294, -410.60535400534945, -347.87571286529453, -354.21382788935273, -327.51489502834926, -355.6115644146605, -300.66280993003977, -434.1205947747304, -327.7337361838895, -352.138850425495, -399.7845700650174, -443.9744095207534, -327.7337361838895, -370.7951115257107, -427.664029026294, -427.664029026294, -370.8800063265447, -417.8252990415878, -434.64269838488076, -321.1231070691405, -388.4958703125735, -417.8252990415878, -414.57600532208755, -409.3700234230233], "Random": [11.12875720246158, -15.85727497960346, -0.8556295583848055, 9.029339825848638, -4.888506571235401, -7.5487234312637, -11.489245916002119, -7.486684813242164, 52.254302276698354, 11.516045863534032, -12.402953416093453, -34.842654688204675, 79.43897372425977, -5.670861462860428, 16.878695777740177, 5.541912239692351, -4.858085942621818, -34.86881916522634, -3.5528870166793545, 15.987131958094173, -19.43536535045314, -13.84298831238713, 3.5575918337663097, 5.907172984322289, 79.42855196903656, -5.432477564068677, 3.8871207046073173, -1.89724480205867, 34.621705190362945, 3.8859552730426117, 2.70188703157537, 8.672356749304981, -5.126713795563774, -3.52382663752428, 4.873258982719745, -0.14221270174095935, -3.4868529612074894, 40.989401778275806, -3.0481455737823353, -12.559183671952983, 7.308882789879324, -11.439750384998252, 8.737277848553049, -7.504115565816164, -1.7396697355820379, 2.781899965241223, -11.212031926057875, -13.100278556149362, -16.710348848042884, -21.69304173164346, 36.47986638309942, 60.58218265729033, 6.222166545915115, 22.089979188931995, -2.1371304087762533, 2.1119891253832748, -6.759347615858815, -1.4312730476299673, -17.986536646037507, -14.096093274607597, 5.0065185689904865, 2.3991444345922446, 1.456658565027207, -3.710436305398995, -0.824246902469099, 8.97640992530728, 2.766517511284595, 67.28896855741777, 34.529855393444905, 12.398744935282593, 3.479815600556094, 25.0545148864522, -4.66598008484389, 67.29641791062318, -1.2397737666717779, -1.7513817538894532, -2.0200452137323737, -4.703880673967944, 2.2442235449567534, -3.5896364225231614, -4.341721958170683, 0.39174681482116586, 3.1421920348703907, -9.450325858430801, -21.327509676086038, 10.87548317951871, 5.873206311189392, 3.191176186170261, 0.20326846128371776, 9.069339426653528, 0.7267909825950483, 26.7610834798553, -11.085456337836149, -21.684454792480665, -5.667157751660329, 6.98322508407864, 2.4946536519929245, 12.230187921877132, -7.148352326688538, -15.676673256072831]}