{"Open Streets": [-0.045859002132071204, 1.0803044461557647, 0.6813013584974215, -2.836075314330401, 0.16367873170103545, -5.169995240360413, -2.4508396858522588, -2.5791339061944996, 0.6762471735329996, -1.8135791470565816, 0.4559705390530932, -5.88925213542791, 0.8098908097280741, -2.285659795857108, 0.2483199713210777, -0.9601136645545988, -1.476765648704587, -0.2852794498734473, -2.0816946121074125, 0.24301090242993267, 0.9816400101259433, -0.7951329681798427, 1.0298145553829272, -1.8759058247847236, 1.1004363853894574, -1.6542224530598257, -3.0739100820871466, -1.3083324754147043, 0.3117523977846304, 0.812134963675741, 0.9701854446173002, -0.9095952236698395, 0.9691948216624269, 1.08672744191756, 0.8063978503742533, 0.2808329554731775, 1.0700466295811566, 0.6017381971544182, -2.684989716493601, -12.456721923190344, 0.9610122793884557, 0.9117652967015601, 1.238101020533577, -0.2049011680884892, -2.6048484063448236, 1.0599806221368908, -0.7930137612431736, 1.0239666843913255, 0.9567641013577486, 0.8761536263041592, -1.098660075460657, -0.941440952712901, 1.0273220202061566, -0.3189726415325202, 0.08773122971763314, -1.5450525366057946, 0.9837572244873627, -1.3516078525767057, -0.10428547071561904, 0.7889899366123245, 0.9412909537536885, -0.04736448579126318, 1.0836597063154159, 0.42055145913616343, -0.30057453443221976, -2.642052956093187, 0.5577050222549929, 0.7509382158050357, -1.6637814298286964, 0.9873135750210622, 0.13021932705237305, -0.3155314869546449, 0.9872816794827486, -0.8781168667275475, 0.45826973928531817, 0.760603057379285, -0.3824556555291849, 1.0357582931119396, -10.51993708646107, -12.881001818535708, 1.0314256574909753, 1.079090058491488, 0.719364527887933, 1.0319773070727933, -0.3268121150654603, 0.5787568845746364, -2.710613387507086, 0.7891251329352826, -14.472594813656965, -0.6515340307274471, 0.7218264224461564, 0.5963496497151937, -0.6044044828610368, 0.4254654750352529, -0.992124783298209, -4.391892828688697, 1.045472789185169, -8.371257217458007, -1.9719336746137164, 1.0879737095058317], "Q Values": [1.0462883163315837, 0.9400832890216861, 1.0331521769296046, 1.0343073537970895, 1.049850703534048, 1.0334255358311566, 1.0154495194096853, 0.9815935863874756, 0.9769937575119911, 0.9400832890216861, 0.9400832890216861, 1.1118764827389214, 0.9769937575119911, 1.0462883163315837, 1.0334255358311566, 1.0344166161507928, 1.1174047979386614, 1.0331521769296046, 0.9616852605529402, 1.0176103030100876, 1.0176103030100876, 0.9872743672343631, 1.0098050836994616, 1.0343073537970895, 1.1118764827389214, 1.0331521769296046, 0.9512939021835791, 0.9912639484998635, 0.9769937575119911, 1.1118764827389214, 1.0331521769296046, 1.0176103030100876, 1.0023148714620902, 1.0344166161507928, 0.99667661976423, 0.9616852605529402, 1.0060452879278046, 1.0046849644150484, 0.9769937575119911, 0.9632029113106076, 0.9909754734200078, 1.0343073537970895, 0.9815935863874756, 0.9909754734200078, 0.99667661976423, 0.9512939021835791, 0.9769937575119911, 0.99667661976423, 0.9769937575119911, 1.0462077675065302, 1.0046849644150484, 0.9912639484998635, 1.0331521769296046, 0.99667661976423, 0.9872743672343631, 0.9708565117800845, 1.0344166161507928, 1.049850703534048, 0.9934097385216774, 0.99667661976423, 0.9934097385216774, 1.0557944412631741, 1.0343073537970895, 1.0462077675065302, 0.9793457501538114, 1.108840702715952, 1.108840702715952, 0.9872743672343631, 0.9400832890216861, 1.0462077675065302, 0.9769937575119911, 0.9769937575119911, 1.0046849644150484, 0.9934097385216774, 0.9793457501538114, 0.9400832890216861, 1.0462883163315837, 0.9769937575119911, 1.0519185052597209, 1.1174047979386614, 0.9909754734200078, 1.1118764827389214, 0.9815935863874756, 0.9616852605529402, 1.0334255358311566, 1.108840702715952, 0.9872743672343631, 0.9934097385216774, 1.0334255358311566, 0.9708565117800845, 1.0462883163315837, 1.0462883163315837, 0.9369960855636918, 1.0098050836994616, 0.99667661976423, 1.0557944412631741, 1.0462077675065302, 1.0098050836994616, 1.0176103030100876, 0.9912639484998635], "Random": [-0.24863948115887524, 1.1377924574608187, 1.0027627678298359, 0.23965804521822065, 1.1260967154778427, 1.0114400973495776, 1.106603812172807, 1.123220713350861, -0.6714967863425272, -0.5102023869598042, -2.615448833533719, -3.3194734507939074, -2.3882405837742, 0.3631982647138254, -3.432228808347342, -1.230897309747661, 0.2331858409220331, -0.8234438947164497, 0.48472603135357417, 0.6121188664620831, 1.0753193001471573, 0.6347988635095264, 1.023583217441228, -3.679734523225875, 0.9662883876933392, 0.5247079574204463, 1.0463355898232294, -1.8103785260701215, 1.0920959792211988, -1.4218903342244533, -0.6646621167990361, 1.1174047979386614, 0.604417293961319, 0.6727542555061442, 1.1211755562828785, 0.6540237563397113, -0.6620920211430692, 0.7525838684225619, 1.0274555464266086, 1.0321792682427713, -0.5336460008436461, -3.895646116680723, 0.015337183584658002, 0.9514636586681414, 1.1611839414267706, 0.8564405759512965, 1.1223259571336257, 1.1420425494927713, 1.0698229405268194, -2.6345208382140908, 0.9841180771433073, 0.6339095300346003, 1.056287887511265, -2.174851746377135, 1.0711928621569768, -0.06379322172025088, -4.8731346149783805, -0.0317994661627381, 0.1545008522523728, -1.9276834297370442, 0.4152600938125109, -2.556656724706272, -0.46973876481392834, -7.65793949767783, -0.44928671146396937, -2.8357925494724605, 0.2785972078120835, -1.3860017136179457, 0.7485979868696025, 0.9624005397294013, -7.261764469597051, 1.0907858004743503, -0.5109177748473334, 0.4498562412101137, 0.46641628861709705, 1.0671216268899002, 0.6087605528984568, -1.653626070872906, 0.8554425378058568, -2.733391449537976, 1.0730606981148867, -0.8034177197294412, 1.0576390646959908, -1.5425528430131028, 0.0330420097324577, 1.1344051660669265, -2.0455223093242694, 0.6341826069043236, 0.5074973267688974, 1.028280687581855, 1.0329462021433073, 1.0350872259487005, 1.0404238076732781, 1.107626390706855, 0.9418226050400449, 1.0296710862255622, 0.7623463575752112, -2.1002585397424127, 1.005982397764683, 1.1130588391688434]}